https://www.youtube.com/watch?v=WO2b03Zdu4Q,46 sec
https://www.youtube.com/watch?v=jECIZpEsX5s,1 min
https://www.youtube.com/watch?v=njX2bu-_Vw4,2 min
https://www.youtube.com/watch?v=B_WSDz6M-kQ,5 min
https://www.youtube.com/watch?v=LXb3EKWsInQ,5 min
https://www.youtube.com/watch?v=zo9dJFo8H8g,6 min
https://www.youtube.com/watch?v=M4Y2yfT3Dbo,11 min
https://www.youtube.com/watch?v=7PIji8OubXU,12 min
https://www.youtube.com/watch?v=y9n6HkftavM,14 min
https://www.youtube.com/watch?v=1llOTrBdaBU,20 min
https://www.youtube.com/watch?v=cwsdTKoGv5U,26 min
https://www.youtube.com/watch?v=auKEfYrmBGI,59min